"","Gloria Jean's Coffees","Hudsons Coffee","Jamaica Blue","Kurtosh","Max Brenner","McCafe","Starbucks","The Coffee Club","Zarraffa's Coffee"
"Gloria Jean's Coffees",0.62,0.18,0.02,0.01,0,0.08,0.34,0.12,0.17
"Hudsons Coffee",0,0.63,0,0,0,0.01,0,0.01,0.01
"Jamaica Blue",0,0,0.65,0,0,0,0,0.09,0
"Kurtosh",0,0,0,0.62,0,0,0,0,0
"Max Brenner",0,0,0,0,0.64,0,0,0,0
"McCafe",0,0,0,0,0,0.52,0,0,0
"Starbucks",0.27,0.06,0,0,0,0.07,0.63,0.01,0.01
"The Coffee Club",0.07,0.14,0.24,0.01,0,0.13,0.04,0.62,0.08
"Zarraffa's Coffee",0,0,0,0,0,0,0,0.01,0.6
